0,0,1
0,0.001,0.999995667
0,0.002,0.999957909
0.001,0.003,0.999668852
0.001,0.004,0.999645516
0.001,0.005,0.999568467
0.001,0.005,0.999438363
0.001,0.006,0.998542829
0.001,0.007,0.998264247
0.002,0.007,0.996954158
0.003,0.008,0.995766999
0.003,0.008,0.995349818
0.005,0.008,0.994401794
0.005,0.008,0.992785282
0.005,0.009,0.992474467
0.006,0.009,0.991810985
0.006,0.01,0.991113761
0.006,0.012,0.990697164
0.006,0.013,0.989993712
0.006,0.014,0.987446912
0.006,0.015,0.987268168
0.007,0.015,0.987220202
0.007,0.016,0.986108252
0.007,0.016,0.983565582
0.007,0.017,0.982042421
0.007,0.018,0.980426599
0.008,0.019,0.978699365
0.008,0.019,0.977308495
0.009,0.02,0.976443398
0.009,0.02,0.976210336
0.009,0.021,0.975408912
0.009,0.022,0.975358611
0.009,0.024,0.975345351
0.009,0.025,0.974645952
0.009,0.025,0.974318612
0.009,0.026,0.974176887
0.01,0.026,0.974140064
0.01,0.027,0.972683817
0.01,0.029,0.972152229
0.01,0.03,0.970538524
0.01,0.03,0.968243696
0.01,0.032,0.96409344
0.01,0.032,0.96325855
0.01,0.033,0.963169783
0.01,0.034,0.960599913
0.01,0.036,0.960572862
0.01,0.036,0.960134063
0.011,0.037,0.959361857
0.011,0.037,0.958454565
0.011,0.038,0.957866846
0.012,0.039,0.955967829
0.012,0.039,0.955599507
0.013,0.04,0.954626386
0.013,0.04,0.954553192
0.013,0.041,0.953545926
0.013,0.043,0.952833813
0.013,0.043,0.95251043
0.014,0.043,0.949982157
0.014,0.045,0.949606422
0.014,0.046,0.947043455
0.014,0.046,0.946131931
0.014,0.047,0.94563997
0.014,0.048,0.944927442
0.015,0.048,0.943852667
0.015,0.049,0.941861782
0.017,0.049,0.94058547
0.017,0.049,0.93934298
0.017,0.05,0.938800571
0.017,0.052,0.937832062
0.018,0.052,0.930854548
0.018,0.053,0.930793547
0.018,0.053,0.929646377
0.02,0.053,0.927051419
0.02,0.053,0.923221007
0.02,0.054,0.922484286
0.02,0.056,0.92094986
0.021,0.056,0.920216526
0.021,0.056,0.920025996
0.022,0.057,0.919784683
0.022,0.057,0.919084761
0.022,0.058,0.918120208
0.023,0.059,0.916550169
0.024,0.059,0.916394475
0.024,0.059,0.916062427
0.025,0.059,0.914582087
0.025,0.061,0.913655562
0.025,0.062,0.913511509
0.025,0.063,0.912396131
0.025,0.064,0.911126331
0.026,0.064,0.910579255
0.026,0.064,0.909767317
0.026,0.066,0.909519537
0.027,0.066,0.908800986
0.028,0.066,0.908605418
0.028,0.067,0.90738576
0.028,0.067,0.906136944
0.028,0.068,0.905969893
0.028,0.069,0.905908579
0.028,0.07,0.905694797
0.028,0.071,0.905308943
0.028,0.073,0.904813607
0.029,0.073,0.904581582
0.029,0.073,0.9042507
0.03,0.074,0.903303837
0.031,0.074,0.903176437
0.032,0.074,0.90292241
0.033,0.074,0.902249127
0.033,0.074,0.901564201
0.033,0.076,0.901557224
0.033,0.076,0.901212429
0.033,0.078,0.900794751
0.033,0.078,0.900146134
0.034,0.079,0.900084214
0.034,0.08,0.898717841
0.034,0.08,0.897633877
0.035,0.081,0.896567715
0.035,0.081,0.895742227
0.035,0.082,0.895234731
0.037,0.082,0.894891996
0.037,0.083,0.89452508
0.038,0.083,0.892376797
0.039,0.083,0.892355957
0.039,0.083,0.89213905
0.04,0.083,0.887393697
0.041,0.084,0.887152751
0.041,0.085,0.885299435
0.041,0.085,0.885160882
0.041,0.086,0.884501743
0.041,0.087,0.884453292
0.041,0.088,0.883982592
0.041,0.09,0.883839088
0.041,0.091,0.880684307
0.041,0.092,0.878076867
0.041,0.093,0.877814556
0.042,0.093,0.876806321
0.042,0.094,0.876556532
0.042,0.095,0.876462662
0.042,0.095,0.876303707
0.042,0.097,0.876070675
0.042,0.097,0.874818411
0.042,0.099,0.87442985
0.042,0.1,0.872035364
0.043,0.1,0.871819893
0.043,0.1,0.870514148
0.044,0.101,0.869636444
0.044,0.101,0.869169975
0.044,0.103,0.868964279
0.045,0.103,0.868943573
0.045,0.104,0.868821938
0.045,0.104,0.868200796
0.046,0.105,0.867762314
0.047,0.105,0.86768426
0.047,0.105,0.867632359
0.047,0.106,0.866557732
0.048,0.107,0.865643514
0.048,0.107,0.865514571
0.049,0.107,0.864676511
0.049,0.108,0.864608699
0.049,0.109,0.864128021
0.049,0.11,0.863381613
0.049,0.111,0.863254361
0.049,0.113,0.863144792
0.049,0.113,0.863061507
0.05,0.113,0.862895236
0.05,0.115,0.862632664
0.05,0.116,0.862177264
0.05,0.116,0.861916253
0.052,0.116,0.861875052
0.052,0.116,0.86140686
0.053,0.116,0.860104458
0.054,0.117,0.85936203
0.054,0.117,0.859258417
0.055,0.117,0.859050793
0.056,0.118,0.858789772
0.056,0.118,0.858391359
0.057,0.118,0.857980185
0.057,0.119,0.857520978
0.058,0.12,0.85749334
0.058,0.12,0.8574123
0.059,0.121,0.857019008
0.059,0.121,0.856956564
0.059,0.122,0.856843491
0.059,0.123,0.856761874
0.059,0.125,0.856480603
0.059,0.125,0.854661289
0.06,0.125,0.854563613
0.06,0.127,0.853045446
0.06,0.127,0.85302
0.06,0.128,0.852472543
0.06,0.129,0.851243685
0.06,0.13,0.849894742
0.06,0.132,0.849838031
0.06,0.133,0.849738215
0.06,0.133,0.849658479
0.06,0.135,0.849353337
0.06,0.135,0.848558761
0.061,0.135,0.848004445
0.061,0.137,0.846513825
0.061,0.137,0.845572607
0.062,0.137,0.845329944
0.063,0.138,0.845075874
0.063,0.138,0.844719751
0.064,0.139,0.844307639
0.064,0.139,0.843377469
0.065,0.139,0.842691273
0.066,0.139,0.84239865
0.067,0.14,0.841416521
0.067,0.141,0.841330111
0.067,0.141,0.840110559
0.067,0.142,0.838686731
0.067,0.144,0.838472735
0.068,0.144,0.838096224
0.068,0.144,0.836827218
0.069,0.144,0.835963895
0.07,0.145,0.83566562
0.07,0.145,0.834813539
0.071,0.145,0.834240598
0.071,0.147,0.833889384
0.071,0.148,0.832745437
0.072,0.148,0.830921005
0.072,0.148,0.830699525
0.072,0.15,0.830479814
0.072,0.151,0.830138853
0.072,0.151,0.828800222
0.073,0.151,0.828623123
0.073,0.153,0.826964332
0.073,0.153,0.826829443
0.073,0.155,0.826713963
0.073,0.156,0.826692819
0.073,0.156,0.826562229
0.073,0.157,0.825799247
0.075,0.157,0.825564268
0.075,0.158,0.825511063
0.076,0.158,0.824961802
0.076,0.158,0.824793558
0.078,0.158,0.823985378
0.079,0.158,0.823156292
0.079,0.159,0.821030205
0.079,0.16,0.819783853
0.079,0.16,0.818791038
0.079,0.161,0.818083227
0.079,0.163,0.815488641
0.079,0.163,0.814965248
0.079,0.164,0.814700867
0.079,0.166,0.814655135
0.079,0.166,0.814338211
0.08,0.166,0.813060232
0.08,0.167,0.812240942
0.08,0.168,0.812215274
0.08,0.169,0.812119399
0.08,0.171,0.812060408
0.08,0.172,0.811880398
0.08,0.172,0.811699844
0.08,0.173,0.809998888
0.08,0.175,0.808841829
0.08,0.175,0.808321284
0.081,0.175,0.807958323
0.081,0.176,0.807588986
0.081,0.177,0.806961464
0.081,0.179,0.803589624
0.082,0.179,0.802169933
0.082,0.18,0.801712435
0.083,0.18,0.800958945
0.083,0.18,0.800901105
0.083,0.182,0.800636347
0.083,0.182,0.800522789
0.084,0.182,0.799292122
0.084,0.183,0.798638087
0.085,0.184,0.798233493
0.085,0.184,0.797458234
0.086,0.185,0.797102967
0.086,0.185,0.796731949
0.087,0.185,0.795308055
0.087,0.187,0.795080868
0.087,0.188,0.794603544
0.087,0.188,0.794528888
0.088,0.188,0.793728095
0.089,0.188,0.793638616
0.089,0.19,0.792691834
0.089,0.191,0.792283211
0.089,0.191,0.791096491
0.089,0.193,0.790213397
0.09,0.193,0.790187518
0.09,0.194,0.789559277
0.09,0.194,0.788528237
0.09,0.195,0.787672971
0.09,0.197,0.787155077
0.09,0.197,0.787061986
0.09,0.198,0.786866122
0.092,0.198,0.786531903
0.092,0.198,0.786289935
0.092,0.199,0.786286278
0.093,0.199,0.786068199
0.094,0.2,0.785820692
0.095,0.2,0.784784738
0.095,0.201,0.784696374
0.095,0.201,0.784639321
0.095,0.203,0.784570076
0.095,0.204,0.78379392
0.095,0.204,0.783707624
0.096,0.205,0.781491301
0.096,0.205,0.78143652
0.096,0.207,0.781279689
0.096,0.208,0.781276922
0.096,0.209,0.780904799
0.097,0.209,0.78070326
0.097,0.209,0.780586543
0.097,0.21,0.779036335
0.097,0.212,0.778288393
0.098,0.212,0.777043259
0.098,0.212,0.776596132
0.098,0.213,0.776562774
0.098,0.215,0.776408494
0.098,0.215,0.775875875
0.099,0.216,0.775669567
0.099,0.216,0.775295833
0.1,0.216,0.775174931
0.1,0.217,0.775031177
0.1,0.219,0.774414613
0.1,0.219,0.774187405
0.102,0.219,0.77359794
0.103,0.219,0.773264144
0.103,0.219,0.772679649
0.104,0.22,0.772204284
0.104,0.221,0.771435643
0.104,0.221,0.771034678
0.104,0.222,0.770871675
0.104,0.223,0.77003813
0.106,0.223,0.77000824
0.106,0.223,0.769982427
0.107,0.223,0.769611446
0.108,0.223,0.769344433
0.108,0.224,0.768985297
0.108,0.225,0.767644728
0.11,0.225,0.766990138
0.111,0.225,0.766376123
0.112,0.225,0.766154168
0.113,0.225,0.765221946
0.113,0.225,0.765163984
0.113,0.226,0.764408551
0.114,0.226,0.763969511
0.114,0.228,0.762944954
0.115,0.228,0.762875657
0.115,0.228,0.761607553
0.115,0.229,0.761433984
0.117,0.229,0.760133241
0.117,0.229,0.759901762
0.118,0.229,0.758884035
0.118,0.23,0.757192775
0.118,0.232,0.757095485
0.118,0.232,0.756657142
0.119,0.232,0.756594513
0.12,0.233,0.756155157
0.121,0.233,0.756034006
0.121,0.234,0.755905353
0.121,0.234,0.755666331
0.122,0.235,0.755539904
0.122,0.236,0.755126316
0.122,0.236,0.75447364
0.122,0.238,0.754458813
0.123,0.238,0.753936889
0.123,0.238,0.753642697
0.124,0.238,0.753414152
0.125,0.239,0.753049719
0.125,0.24,0.752802031
0.125,0.24,0.751857464
0.126,0.241,0.750599013
0.126,0.242,0.749998225
0.126,0.243,0.749749343
0.127,0.243,0.747901496
0.127,0.243,0.746596348
0.128,0.243,0.746318685
0.13,0.243,0.745702332
0.13,0.244,0.745221057
0.13,0.244,0.744579059
0.131,0.244,0.743387862
0.131,0.245,0.743062253
0.131,0.247,0.742756313
0.132,0.247,0.742594902
0.132,0.247,0.73938292
0.132,0.248,0.738701031
0.133,0.248,0.738358093
0.133,0.249,0.737988601
0.133,0.25,0.737407226
0.133,0.251,0.736364769
0.133,0.253,0.735453337
0.133,0.254,0.73490541
0.133,0.255,0.734206496
0.133,0.255,0.732212807
0.133,0.257,0.731122583
0.133,0.258,0.730661718
0.133,0.259,0.730635685
0.133,0.26,0.72914848
0.133,0.26,0.729140669
0.134,0.26,0.728847304
0.135,0.261,0.726981222
0.135,0.261,0.72662385
0.135,0.262,0.726577831
0.136,0.263,0.726360626
0.136,0.263,0.726125248
0.136,0.265,0.725758678
0.136,0.265,0.723919544
0.136,0.267,0.722468793
0.136,0.268,0.721986099
0.136,0.269,0.721888475
0.136,0.269,0.721145165
0.138,0.269,0.720350442
0.138,0.269,0.719903798
0.138,0.271,0.71986877
0.138,0.271,0.719580111
0.138,0.273,0.719511525
0.138,0.274,0.719059757
0.138,0.275,0.717948905
0.138,0.276,0.717074844
0.138,0.277,0.716264883
0.138,0.277,0.715600205
0.138,0.279,0.715482637
0.138,0.279,0.715082363
0.139,0.279,0.714703978
0.139,0.28,0.714512593
0.139,0.282,0.71427793
0.139,0.282,0.713685388
0.14,0.283,0.713184443
0.14,0.284,0.712454813
0.14,0.284,0.712362745
0.14,0.285,0.711310104
0.141,0.285,0.710550291
0.141,0.286,0.710193523
0.142,0.287,0.708412013
0.142,0.288,0.708197983
0.142,0.288,0.707129193
0.142,0.29,0.70699271
0.142,0.291,0.705849008
0.142,0.291,0.705682468
0.142,0.293,0.705437811
0.142,0.294,0.705143148
0.142,0.295,0.704869904
0.142,0.295,0.703681238
0.142,0.297,0.702833519
0.143,0.297,0.702493384
0.143,0.297,0.70211665
0.143,0.299,0.701991719
0.143,0.3,0.701925065
0.143,0.3,0.70122297
0.143,0.302,0.701109536
0.144,0.302,0.70057993
0.145,0.302,0.700521672
0.145,0.303,0.700428481
0.145,0.303,0.700180312
0.146,0.304,0.699784107
0.146,0.305,0.697998497
0.146,0.305,0.697338917
0.147,0.306,0.696050726
0.147,0.306,0.695808493
0.148,0.307,0.695139048
0.148,0.307,0.694810342
0.149,0.307,0.694579398
0.15,0.307,0.693915786
0.151,0.308,0.692897917
0.151,0.309,0.692799425
0.152,0.309,0.692462065
0.152,0.309,0.692395676
0.152,0.31,0.692348444
0.152,0.311,0.69211153
0.153,0.311,0.69084192
0.154,0.311,0.690810306
0.155,0.312,0.689480913
0.155,0.312,0.689195674
0.157,0.312,0.6890753
0.157,0.312,0.688867481
0.157,0.314,0.688439314
0.157,0.315,0.688277512
0.157,0.315,0.688142327
0.158,0.315,0.687685487
0.159,0.315,0.686416165
0.16,0.316,0.686039741
0.16,0.316,0.684872982
0.162,0.316,0.684486848
0.162,0.316,0.684395149
0.163,0.316,0.684023007
0.163,0.317,0.683573436
0.163,0.318,0.683474275
0.164,0.319,0.683343011
0.165,0.319,0.683136831
0.165,0.32,0.683081363
0.166,0.32,0.681524525
0.166,0.321,0.68112397
0.166,0.322,0.680646328
0.166,0.322,0.680119174
0.167,0.322,0.679840285
0.168,0.323,0.679745607
0.169,0.323,0.679588851
0.169,0.324,0.679056686
0.17,0.324,0.678078532
0.17,0.324,0.677834009
0.171,0.324,0.677766283
0.171,0.325,0.676796962
0.171,0.327,0.676472516
0.171,0.327,0.676391363
0.172,0.327,0.675684256
0.173,0.327,0.675399597
0.173,0.328,0.673759391
0.174,0.328,0.673718
0.174,0.329,0.673639598
0.174,0.33,0.673552551
0.175,0.331,0.67351848
0.176,0.331,0.67291625
0.176,0.331,0.671456177
0.177,0.331,0.671425753
0.179,0.331,0.670771028
0.18,0.331,0.670678417
0.18,0.332,0.669947188
0.18,0.333,0.668471819
0.18,0.334,0.667854405
0.18,0.334,0.667797689
0.181,0.334,0.667098212
0.181,0.336,0.667031996
0.182,0.336,0.666473752
0.182,0.337,0.666290202
0.182,0.338,0.665603687
0.182,0.339,0.665068946
0.182,0.339,0.664610323
0.183,0.339,0.663455043
0.184,0.339,0.66328528
0.185,0.339,0.662494917
0.186,0.339,0.662151953
0.187,0.34,0.661887952
0.187,0.34,0.661689323
0.188,0.34,0.660870566
0.188,0.342,0.659686522
0.188,0.342,0.659151564
0.188,0.343,0.658455005
0.189,0.343,0.658179037
0.189,0.345,0.658081303
0.189,0.346,0.656969188
0.189,0.346,0.65675704
0.19,0.346,0.65658413
0.19,0.348,0.65653868
0.19,0.349,0.656296884
0.19,0.349,0.656224134
0.192,0.349,0.654708365
0.192,0.349,0.654653168
0.193,0.349,0.654080586
0.194,0.35,0.652894864
0.194,0.35,0.652796787
0.196,0.35,0.652410923
0.197,0.35,0.652322641
0.197,0.35,0.652021123
0.197,0.351,0.65174871
0.197,0.353,0.651557829
0.197,0.353,0.649647008
0.198,0.353,0.649565895
0.2,0.353,0.648728137
0.2,0.353,0.648725695
0.201,0.354,0.648389265
0.201,0.355,0.646978184
0.201,0.355,0.645880378
0.203,0.355,0.645736445
0.203,0.355,0.645643677
0.205,0.355,0.644887674
0.205,0.355,0.64474109
0.205,0.356,0.644525313
0.205,0.358,0.644253567
0.205,0.358,0.643908413
0.205,0.359,0.643600478
0.205,0.36,0.642866358
0.206,0.361,0.642488164
0.206,0.362,0.64157735
0.206,0.362,0.641327566
0.208,0.362,0.640597028
0.208,0.363,0.640505107
0.208,0.363,0.639950663
0.208,0.364,0.639857243
0.209,0.364,0.639633831
0.209,0.366,0.639120926
0.21,0.366,0.638504894
0.211,0.366,0.638380259
0.211,0.367,0.637761936
0.211,0.367,0.636949048
0.212,0.368,0.635467691
0.212,0.369,0.635424096
0.213,0.369,0.635180811
0.214,0.369,0.634000461
0.215,0.369,0.633934342
0.215,0.369,0.633610714
0.216,0.37,0.633494512
0.216,0.371,0.633365381
0.216,0.371,0.633155416
0.216,0.373,0.632255797
0.216,0.373,0.631471033
0.216,0.374,0.631411179
0.217,0.375,0.630572671
0.217,0.375,0.630382758
0.218,0.375,0.630202508
0.219,0.375,0.629835718
0.22,0.376,0.629574084
0.22,0.376,0.629196564
0.22,0.377,0.629073669
0.221,0.377,0.629022139
0.223,0.377,0.62869885
0.224,0.377,0.627878396
0.224,0.378,0.627856628
0.224,0.378,0.627590836
0.225,0.379,0.627489105
0.225,0.38,0.627320317
0.225,0.38,0.626860417
0.226,0.38,0.625796727
0.226,0.381,0.625704009
0.227,0.382,0.624901049
0.228,0.382,0.624336741
0.228,0.382,0.623388979
0.229,0.383,0.623032794
0.229,0.383,0.621561925
0.229,0.385,0.621548417
0.229,0.385,0.621327307
0.231,0.385,0.621316563
0.232,0.385,0.620646217
0.232,0.385,0.619283761
0.233,0.385,0.619126647
0.233,0.386,0.618495044
0.233,0.388,0.616318789
0.233,0.389,0.615870683
0.233,0.389,0.615387522
0.234,0.389,0.615023036
0.234,0.391,0.614733019
0.234,0.391,0.614598801
0.235,0.391,0.614435464
0.236,0.392,0.614367313
0.236,0.392,0.61430927
0.236,0.394,0.613980912
0.236,0.394,0.613868304
0.236,0.395,0.613241865
0.236,0.396,0.612094489
0.236,0.397,0.611885382
0.236,0.399,0.611740123
0.236,0.4,0.609992335
0.236,0.4,0.609829372
0.236,0.401,0.609687935
0.236,0.403,0.609026695
0.236,0.403,0.609006333
0.237,0.403,0.608916964
0.238,0.404,0.608257672
0.239,0.404,0.607616901
0.24,0.404,0.607266948
0.241,0.404,0.606984547
0.242,0.404,0.606581744
0.242,0.404,0.605447719
0.244,0.404,0.605317974
0.244,0.404,0.605123399
0.245,0.404,0.605077156
0.245,0.405,0.604840263
0.246,0.405,0.60359306
0.246,0.406,0.603402962
0.246,0.407,0.602207423
0.247,0.407,0.601384427
0.248,0.407,0.601165207
0.248,0.408,0.601156235
0.249,0.409,0.600056936
0.249,0.409,0.59953804
0.25,0.409,0.599484811
0.252,0.409,0.599187526
0.252,0.409,0.598513667
0.252,0.41,0.59749416
0.253,0.411,0.597481702
0.253,0.412,0.596904856
0.253,0.413,0.595744624
0.254,0.413,0.595042261
0.254,0.413,0.594142618
0.255,0.413,0.593941356
0.256,0.413,0.593849896
0.256,0.414,0.593734304
0.257,0.414,0.59337348
0.258,0.415,0.593357068
0.258,0.416,0.592940631
0.258,0.416,0.591988007
0.258,0.418,0.591963961
0.258,0.418,0.591202902
0.259,0.419,0.591059993
0.259,0.419,0.591030172
0.261,0.419,0.590939923
0.261,0.419,0.589438542
0.261,0.421,0.58917633
0.261,0.422,0.58835394
0.261,0.423,0.587549187
0.261,0.424,0.587471549
0.261,0.424,0.587386385
0.262,0.425,0.587079978
0.263,0.425,0.586526728
0.264,0.425,0.585998186
0.264,0.425,0.585447002
0.265,0.425,0.584931273
0.266,0.425,0.584612001
0.266,0.426,0.584525449
0.267,0.427,0.583411536
0.267,0.428,0.583373253
0.267,0.429,0.582650935
0.267,0.429,0.580870581
0.268,0.43,0.580593382
0.268,0.43,0.580586992
0.269,0.43,0.579841675
0.269,0.432,0.579663618
0.269,0.433,0.579518558
0.27,0.433,0.579391339
0.27,0.433,0.579112124
0.27,0.435,0.578640077
0.27,0.435,0.578552705
0.27,0.436,0.578053364
0.27,0.438,0.57787768
0.27,0.438,0.577112327
0.272,0.438,0.576861626
0.272,0.439,0.576774385
0.272,0.439,0.576640467
0.273,0.439,0.576605592
0.275,0.439,0.576437237
0.275,0.439,0.575908262
0.275,0.44,0.575791841
0.275,0.441,0.575453007
0.275,0.442,0.574651443
0.275,0.444,0.574377171
0.275,0.445,0.57432239
0.276,0.445,0.574225273
0.276,0.445,0.573270037
0.277,0.446,0.573122168
0.278,0.446,0.571765152
0.278,0.446,0.571740373
0.28,0.446,0.5717139
0.28,0.446,0.570537162
0.281,0.446,0.570065226
0.282,0.446,0.569062703
0.284,0.446,0.568900136
0.285,0.446,0.568406983
0.285,0.447,0.567958241
0.285,0.447,0.567623011
0.285,0.449,0.567296226
0.285,0.45,0.567227088
0.286,0.45,0.567157348
0.286,0.451,0.566747539
0.286,0.451,0.566293103
0.287,0.451,0.564970436
0.287,0.452,0.5649549
0.287,0.454,0.5645744
0.288,0.454,0.564449471
0.288,0.454,0.564359585
0.289,0.454,0.564163879
0.291,0.454,0.563980943
0.291,0.454,0.563233685
0.292,0.455,0.562058284
0.292,0.455,0.561788702
0.294,0.455,0.561665531
0.294,0.456,0.56142291
0.295,0.456,0.561070284
0.295,0.457,0.560965185
0.295,0.457,0.560527321
0.296,0.457,0.559579772
0.296,0.458,0.559451487
0.298,0.458,0.559310522
0.299,0.458,0.559092834
0.299,0.458,0.558979533
0.3,0.459,0.558696178
0.3,0.46,0.558132642
0.3,0.461,0.557952693
0.301,0.461,0.557892581
0.302,0.461,0.557191077
0.303,0.461,0.556991857
0.303,0.462,0.555680435
0.303,0.462,0.555053521
0.303,0.463,0.554818122
0.304,0.464,0.554584935
0.304,0.465,0.55391628
0.304,0.465,0.553872297
0.304,0.466,0.553181472
0.305,0.467,0.552880997
0.305,0.467,0.552496026
0.305,0.468,0.551696202
0.307,0.468,0.550731777
0.307,0.468,0.550719501
0.309,0.468,0.55042123
0.309,0.469,0.550316982
0.309,0.469,0.549942562
0.309,0.471,0.549395764
0.309,0.471,0.549172044
0.31,0.471,0.549159017
0.312,0.471,0.549115084
0.312,0.472,0.548387766
0.312,0.472,0.548293579
0.313,0.473,0.548194529
0.313,0.474,0.547732342
0.313,0.475,0.547474616
0.313,0.475,0.547071584
0.314,0.475,0.546794632
0.314,0.476,0.5443255
0.315,0.477,0.543182812
0.316,0.477,0.542386643
0.316,0.477,0.542206951
0.317,0.478,0.541127798
0.317,0.478,0.540716173
0.317,0.479,0.540456766
0.318,0.48,0.54034995
0.318,0.48,0.540230631
0.318,0.481,0.540050973
0.318,0.482,0.539417068
0.318,0.483,0.538526394
0.319,0.483,0.538128503
0.32,0.483,0.537787801
0.321,0.484,0.537518122
0.322,0.484,0.537273335
0.322,0.485,0.536787649
0.323,0.485,0.535967096
0.323,0.486,0.535871857
0.323,0.486,0.535068289
0.323,0.487,0.534973626
0.324,0.488,0.533698036
0.324,0.489,0.533514334
0.324,0.489,0.533081932
0.324,0.49,0.532310257
0.325,0.491,0.531824867
0.325,0.491,0.531022714
0.325,0.493,0.530947743
0.326,0.493,0.530815667
0.327,0.493,0.530583765
0.327,0.493,0.530469454
0.327,0.495,0.530321245
0.327,0.496,0.529708942
0.328,0.496,0.529178853
0.329,0.496,0.528685937
0.329,0.496,0.528437051
0.329,0.497,0.528147776
0.329,0.499,0.527866618
0.329,0.499,0.527109651
0.33,0.5,0.526451929
0.33,0.5,0.526351291
0.332,0.5,0.525664305
0.332,0.501,0.52548769
0.332,0.502,0.52536227
0.332,0.502,0.524897836
0.332,0.503,0.524360928
0.332,0.504,0.523536181
0.333,0.505,0.523367397
0.333,0.505,0.523329702
0.334,0.505,0.523314834
0.335,0.506,0.520610874
0.336,0.506,0.520162286
0.336,0.506,0.519865844
0.337,0.507,0.519705953
0.338,0.507,0.519499808
0.338,0.507,0.518714057
0.338,0.508,0.518345024
0.338,0.509,0.517983636
0.338,0.51,0.517660727
0.339,0.511,0.517575908
0.339,0.511,0.517479475
0.34,0.511,0.517042479
0.341,0.512,0.516895258
0.342,0.512,0.516171446
0.342,0.512,0.516024507
0.344,0.512,0.515966741
0.344,0.513,0.51564063
0.345,0.513,0.515591005
0.345,0.514,0.515556135
0.345,0.515,0.515433757
0.345,0.515,0.515275896
0.346,0.515,0.514049248
0.346,0.517,0.513689962
0.347,0.517,0.512266354
0.348,0.517,0.511615521
0.348,0.517,0.510851737
0.349,0.518,0.509826532
0.349,0.518,0.509721605
0.349,0.519,0.508675932
0.35,0.52,0.507642341
0.35,0.521,0.506723385
0.35,0.521,0.506421242
0.35,0.523,0.506323884
0.35,0.523,0.504891153
0.351,0.523,0.504416257
0.353,0.523,0.503953134
0.353,0.524,0.502864826
0.353,0.524,0.502320245
0.353,0.526,0.50220681
0.353,0.527,0.500822888
0.353,0.527,0.500175262
0.354,0.527,0.499976406
0.355,0.528,0.499501255
0.355,0.528,0.498675648
0.356,0.529,0.498673839
0.356,0.529,0.498562002
0.356,0.53,0.497767442
0.357,0.531,0.497521698
0.357,0.531,0.495301763
0.358,0.532,0.495009444
0.358,0.532,0.493619143
0.359,0.533,0.4935094
0.36,0.533,0.492886293
0.36,0.533,0.492228829
0.36,0.534,0.492211648
0.362,0.534,0.491873182
0.362,0.534,0.491713466
0.363,0.535,0.491674487
0.363,0.536,0.491672939
0.363,0.536,0.490718472
0.365,0.536,0.490542512
0.365,0.536,0.488757681
0.367,0.536,0.488472888
0.367,0.536,0.488203461
0.368,0.537,0.488202326
0.368,0.538,0.487934179
0.369,0.538,0.487534061
0.369,0.539,0.487229966
0.369,0.539,0.486873956
0.37,0.539,0.486483881
0.372,0.539,0.485722927
0.372,0.539,0.485024924
0.373,0.539,0.48366896
0.374,0.54,0.48318325
0.375,0.54,0.481772502
0.375,0.54,0.480855085
0.377,0.54,0.480752334
0.377,0.54,0.479691381
0.378,0.541,0.47892429
0.378,0.542,0.477038217
0.378,0.542,0.476189496
0.379,0.542,0.475716618
0.381,0.542,0.475390121
0.381,0.542,0.474993066
0.383,0.542,0.474518937
0.383,0.543,0.473628254
0.384,0.543,0.472908031
0.384,0.544,0.472545833
0.384,0.545,0.469306431
0.384,0.545,0.468466872
0.385,0.545,0.46840209
0.386,0.546,0.467833027
0.386,0.546,0.467684044
0.388,0.546,0.467383637
0.388,0.547,0.467265818
0.388,0.547,0.466948382
0.388,0.548,0.466732563
0.388,0.55,0.464978609
0.388,0.55,0.464618139
0.389,0.55,0.464572807
0.389,0.552,0.463515052
0.389,0.552,0.463171448
0.39,0.552,0.462995079
0.391,0.552,0.462488314
0.392,0.552,0.460971304
0.393,0.553,0.459299701
0.393,0.553,0.458828586
0.394,0.553,0.458693098
0.394,0.554,0.458215368
0.396,0.554,0.458055054
0.397,0.554,0.457394112
0.398,0.554,0.45542213
0.399,0.554,0.454852783
0.399,0.554,0.454633696
0.399,0.555,0.454059783
0.401,0.555,0.453898904
0.401,0.555,0.453067673
0.401,0.556,0.450982392
0.403,0.556,0.450363596
0.403,0.556,0.44984189
0.404,0.557,0.449735692
0.405,0.557,0.449504835
0.405,0.557,0.449432369
0.406,0.557,0.447951911
0.407,0.558,0.446058668
0.407,0.559,0.445969119
0.407,0.559,0.444847971
0.407,0.561,0.444123253
0.408,0.561,0.443997797
0.409,0.561,0.443753566
0.409,0.561,0.443705519
0.41,0.561,0.443180188
0.41,0.562,0.441938472
0.41,0.564,0.440640966
0.411,0.564,0.439896572
0.411,0.564,0.438774515
0.412,0.565,0.438133888
0.412,0.565,0.436205586
0.413,0.565,0.434859224
0.413,0.566,0.432904856
0.414,0.567,0.432021095
0.414,0.567,0.43109173
0.415,0.567,0.430532475
0.416,0.567,0.430272768
0.417,0.568,0.429918603
0.417,0.569,0.429808328
0.417,0.57,0.429646167
0.417,0.57,0.427587083
0.418,0.57,0.427553782
0.419,0.571,0.426180503
0.419,0.571,0.424992331
0.42,0.572,0.424922277
0.42,0.572,0.42444201
0.42,0.573,0.423721474
0.42,0.575,0.421495512
0.42,0.575,0.420003879
0.421,0.575,0.419261233
0.422,0.576,0.419128314
0.422,0.576,0.417195383
0.422,0.577,0.417042084
0.423,0.578,0.416484062
0.423,0.578,0.415491872
0.424,0.578,0.415396116
0.425,0.578,0.414978625
0.427,0.578,0.414734523
0.427,0.578,0.412942868
0.429,0.578,0.411268698
0.429,0.578,0.411098947
0.43,0.578,0.410921656
0.432,0.578,0.410688161
0.432,0.578,0.410628636
0.432,0.579,0.410524914
0.432,0.581,0.410430595
0.432,0.581,0.410210408
0.433,0.581,0.409794194
0.433,0.582,0.409516632
0.434,0.582,0.409501286
0.434,0.583,0.409438944
0.436,0.583,0.409259226
0.436,0.583,0.408705131
0.438,0.583,0.407708875
0.438,0.583,0.405862173
0.439,0.584,0.403942439
0.439,0.585,0.40349421
0.44,0.585,0.402687507
0.441,0.585,0.402555762
0.441,0.585,0.402347998
0.442,0.586,0.402124523
0.442,0.586,0.401091683
0.442,0.588,0.39979416
0.442,0.588,0.398461351
0.443,0.589,0.397423267
0.444,0.589,0.39737167
0.445,0.589,0.393637091
0.445,0.59,0.392964689
0.445,0.59,0.391992256
0.445,0.591,0.391658904
0.447,0.591,0.391524065
0.447,0.592,0.391502207
0.448,0.592,0.390481746
0.449,0.592,0.390406178
0.449,0.593,0.390400706
0.449,0.594,0.390228287
0.449,0.594,0.390130103
0.451,0.594,0.389721102
0.451,0.594,0.38900611
0.451,0.595,0.388871284
0.452,0.595,0.388305275
0.454,0.595,0.387669116
0.454,0.595,0.387479476
0.455,0.595,0.384725148
0.455,0.596,0.38451598
0.456,0.596,0.381786879
0.457,0.596,0.381345927
0.457,0.597,0.377538973
0.457,0.598,0.376777516
0.458,0.599,0.376491466
0.458,0.599,0.374302144
0.458,0.6,0.374081368
0.458,0.601,0.372375645
0.458,0.602,0.371714556
0.459,0.603,0.371235859
0.46,0.603,0.370319675
0.461,0.603,0.369571306
0.461,0.603,0.369280328
0.461,0.604,0.369270116
0.463,0.604,0.367965509
0.463,0.605,0.366735838
0.464,0.605,0.365650578
0.465,0.605,0.365569882
0.466,0.605,0.36546463
0.467,0.605,0.364153758
0.467,0.606,0.363748713
0.468,0.606,0.363452158
0.469,0.606,0.363237749
0.469,0.606,0.363148004
0.469,0.607,0.362798657
0.47,0.608,0.362257255
0.471,0.608,0.361917146
0.471,0.608,0.361801445
0.472,0.609,0.361624225
0.472,0.609,0.36099276
0.473,0.61,0.360792172
0.473,0.61,0.360726863
0.473,0.611,0.360328218
0.474,0.612,0.359892384
0.474,0.612,0.35910044
0.474,0.614,0.356164824
0.475,0.614,0.35430132
0.476,0.614,0.352691518
0.476,0.614,0.352381686
0.477,0.614,0.351311612
0.477,0.616,0.350080905
0.477,0.616,0.348577626
0.479,0.616,0.348035679
0.479,0.616,0.347347674
0.48,0.617,0.346124651
0.48,0.618,0.345729654
0.48,0.618,0.343936944
0.48,0.619,0.343828207
0.481,0.62,0.343179229
0.481,0.621,0.342438606
0.481,0.621,0.339521759
0.482,0.622,0.339374598
0.482,0.622,0.339008216
0.483,0.622,0.338951511
0.484,0.622,0.338610562
0.485,0.623,0.338134158
0.485,0.623,0.337442628
0.486,0.624,0.337435081
0.486,0.624,0.336567608
0.486,0.626,0.335820721
0.486,0.627,0.334300853
0.486,0.628,0.333037492
0.486,0.628,0.332417625
0.487,0.628,0.330294545
0.488,0.628,0.329787472
0.489,0.629,0.328788917
0.489,0.629,0.328348125
0.489,0.631,0.327912284
0.489,0.631,0.327753417
0.489,0.632,0.326150406
0.49,0.633,0.325830178
0.491,0.633,0.325662392
0.492,0.633,0.324074041
0.492,0.633,0.323842425
0.494,0.633,0.323286961
0.494,0.633,0.322756947
0.496,0.633,0.322527672
0.496,0.633,0.321291153
0.498,0.633,0.321210547
0.498,0.634,0.320774002
0.499,0.634,0.320169642
0.499,0.634,0.3195182
0.499,0.635,0.318734728
0.499,0.636,0.317158823
0.5,0.636,0.31715008
0.502,0.636,0.315597902
0.503,0.636,0.315345294
0.503,0.636,0.313734573
0.504,0.636,0.311748923
0.505,0.637,0.310460172
0.505,0.637,0.308101269
0.506,0.638,0.307969052
0.506,0.638,0.307665927
0.507,0.638,0.306304299
0.508,0.639,0.306294028
0.508,0.64,0.305963256
0.508,0.641,0.304269861
0.508,0.641,0.303610684
0.508,0.642,0.302833831
0.508,0.643,0.302553732
0.51,0.643,0.302468916
0.51,0.643,0.299886569
0.511,0.643,0.299176517
0.512,0.643,0.299017965
0.513,0.644,0.29785502
0.514,0.644,0.297543221
0.514,0.644,0.297276938
0.515,0.644,0.297136834
0.515,0.645,0.297097553
0.515,0.646,0.296879577
0.517,0.646,0.296828669
0.517,0.647,0.296828654
0.518,0.647,0.295969983
0.518,0.648,0.293256184
0.519,0.648,0.292823538
0.519,0.649,0.292272824
0.52,0.649,0.292164207
0.52,0.649,0.291733005
0.521,0.649,0.291409924
0.521,0.651,0.291352213
0.522,0.651,0.290090986
0.523,0.651,0.289644611
0.523,0.652,0.289200767
0.523,0.653,0.2889463
0.524,0.653,0.287077254
0.524,0.653,0.286800387
0.524,0.654,0.286779407
0.526,0.654,0.285752037
0.527,0.654,0.285505729
0.528,0.654,0.285311177
0.529,0.654,0.2834842
0.53,0.654,0.28287632
0.53,0.655,0.281827178
0.53,0.655,0.281108227
0.531,0.655,0.280666184
0.531,0.656,0.280213584
0.531,0.658,0.279327883
0.532,0.658,0.279128325
0.532,0.659,0.278065025
0.533,0.659,0.277923313
0.533,0.659,0.277332377
0.533,0.66,0.276291766
0.533,0.662,0.274764772
0.533,0.663,0.272941935
0.534,0.663,0.272075652
0.534,0.663,0.271758535
0.535,0.664,0.271619513
0.536,0.664,0.270535939
0.536,0.664,0.270515487
0.538,0.664,0.270020331
0.539,0.664,0.269439318
0.539,0.664,0.269276386
0.539,0.665,0.26807066
0.54,0.666,0.267237082
0.54,0.667,0.264958844
0.54,0.668,0.262014425
0.54,0.669,0.261074655
0.541,0.669,0.257418056
0.542,0.669,0.256555904
0.543,0.669,0.255473714
0.543,0.669,0.254486051
0.544,0.669,0.253413319
0.544,0.67,0.253346776
0.544,0.671,0.253336386
0.545,0.671,0.253183334
0.547,0.671,0.252081986
0.547,0.671,0.251964566
0.547,0.673,0.250347583
0.548,0.673,0.24910816
0.548,0.673,0.249069364
0.549,0.673,0.246583885
0.549,0.674,0.246384574
0.55,0.675,0.242815287
0.55,0.675,0.242137605
0.55,0.677,0.24206241
0.551,0.677,0.241062529
0.551,0.677,0.240195176
0.552,0.678,0.239792634
0.552,0.679,0.239399138
0.553,0.679,0.239198273
0.553,0.68,0.23779457
0.553,0.68,0.237380931
0.554,0.68,0.237300415
0.554,0.682,0.235544913
0.554,0.682,0.234277621
0.554,0.683,0.233726559
0.554,0.684,0.233309219
0.556,0.684,0.231914735
0.556,0.685,0.23033663
0.556,0.685,0.229491183
0.556,0.687,0.227895088
0.556,0.688,0.227831583
0.557,0.688,0.227276481
0.558,0.688,0.227033343
0.559,0.688,0.226724222
0.559,0.688,0.226602121
0.561,0.688,0.226451928
0.562,0.688,0.223862583
0.563,0.688,0.223574781
0.564,0.688,0.223553148
0.565,0.688,0.222083174
0.565,0.689,0.22006246
0.565,0.689,0.220028686
0.566,0.69,0.219643679
0.566,0.69,0.219166006
0.566,0.691,0.219146384
0.566,0.692,0.218286648
0.567,0.693,0.218093999
0.567,0.693,0.216665434
0.568,0.694,0.215481225
0.568,0.694,0.215169483
0.57,0.694,0.21300685
0.571,0.694,0.210680289
0.571,0.694,0.208822301
0.572,0.695,0.208169886
0.573,0.695,0.20769792
0.573,0.695,0.207140265
0.573,0.696,0.206373505
0.575,0.696,0.2055366
0.575,0.696,0.203205694
0.576,0.697,0.202743543
0.576,0.697,0.200100254
0.578,0.697,0.19997746
0.578,0.697,0.199937083
0.579,0.698,0.197769284
0.579,0.699,0.196766804
0.58,0.699,0.195461166
0.581,0.699,0.193065382
0.581,0.699,0.192708771
0.582,0.7,0.192480896
0.582,0.701,0.192155217
0.583,0.701,0.191181466
0.584,0.701,0.190772923
0.585,0.701,0.190528913
0.585,0.701,0.18889009
0.587,0.701,0.187287843
0.587,0.702,0.185599944
0.587,0.702,0.185481758
0.588,0.703,0.185266566
0.588,0.703,0.184646819
0.59,0.703,0.184487661
0.591,0.703,0.184400736
0.591,0.703,0.182927511
0.592,0.703,0.181842327
0.593,0.704,0.181526168
0.593,0.704,0.17926189
0.594,0.704,0.17708167
0.595,0.705,0.17583811
0.595,0.706,0.175587745
0.596,0.706,0.175511628
0.597,0.706,0.175490249
0.597,0.707,0.174222995
0.597,0.708,0.173188475
0.597,0.708,0.172889452
0.597,0.709,0.172823169
0.598,0.709,0.171168124
0.598,0.71,0.170633991
0.598,0.712,0.170193345
0.598,0.713,0.169679376
0.598,0.714,0.168311847
0.598,0.714,0.168064077
0.6,0.714,0.167776165
0.6,0.714,0.166673469
0.601,0.714,0.163850048
0.601,0.715,0.163003512
0.601,0.716,0.162876442
0.601,0.717,0.162809962
0.602,0.717,0.162107581
0.603,0.717,0.161825861
0.605,0.717,0.161685401
0.605,0.717,0.161341449
0.607,0.717,0.160966482
0.607,0.717,0.160815411
0.607,0.718,0.160798156
0.607,0.72,0.160075418
0.607,0.721,0.160048092
0.607,0.721,0.159386981
0.608,0.722,0.159323844
0.608,0.722,0.156578318
0.61,0.722,0.156518624
0.61,0.723,0.156489226
0.61,0.724,0.156119394
0.61,0.725,0.15573706
0.61,0.725,0.155701604
0.61,0.727,0.155477044
0.611,0.727,0.155329032
0.611,0.728,0.155189694
0.611,0.729,0.153490418
0.611,0.73,0.153094358
0.611,0.731,0.153091395
0.611,0.731,0.152883503
0.612,0.731,0.152740793
0.612,0.733,0.151564053
0.612,0.733,0.150956878
0.612,0.734,0.150447843
0.613,0.734,0.149766811
0.613,0.735,0.148187353
0.614,0.735,0.147729043
0.615,0.735,0.147177998
0.616,0.735,0.144838634
0.616,0.736,0.142913879
0.617,0.736,0.142850732
0.618,0.737,0.142669154
0.618,0.737,0.142480242
0.618,0.738,0.142016521
0.618,0.739,0.141582294
0.619,0.739,0.141127226
0.62,0.739,0.141044539
0.622,0.739,0.14081978
0.622,0.739,0.140475302
0.623,0.74,0.13957363
0.623,0.74,0.139314526
0.624,0.741,0.139174335
0.624,0.741,0.138950052
0.625,0.742,0.137121604
0.625,0.743,0.136843955
0.625,0.743,0.135826297
0.626,0.743,0.135210321
0.627,0.744,0.133161128
0.627,0.744,0.132903367
0.628,0.744,0.132541726
0.628,0.745,0.131833871
0.628,0.746,0.130934898
0.63,0.746,0.130742855
0.631,0.746,0.129301992
0.631,0.747,0.128571986
0.631,0.747,0.128500654
0.632,0.748,0.128464469
0.632,0.748,0.127199931
0.633,0.749,0.126988851
0.633,0.749,0.126753085
0.633,0.751,0.126688958
0.633,0.751,0.126597171
0.633,0.752,0.125468616
0.634,0.753,0.125082141
0.635,0.753,0.125042628
0.635,0.753,0.119021007
0.635,0.754,0.118210316
0.635,0.755,0.117719237
0.636,0.755,0.11715306
0.637,0.755,0.117072645
0.638,0.756,0.116572384
0.638,0.756,0.116390084
0.638,0.757,0.114730311
0.64,0.757,0.113980607
0.64,0.758,0.11350748
0.641,0.758,0.112641945
0.641,0.758,0.110016131
0.642,0.758,0.109476139
0.643,0.758,0.109467049
0.644,0.759,0.108963996
0.644,0.76,0.108509323
0.645,0.76,0.106991352
0.645,0.76,0.106115424
0.646,0.761,0.105450165
0.646,0.761,0.104944704
0.646,0.762,0.104159991
0.647,0.762,0.104065905
0.647,0.763,0.103905118
0.648,0.764,0.102833458
0.649,0.764,0.102499454
0.649,0.764,0.102263794
0.651,0.764,0.099311105
0.651,0.765,0.099043218
0.651,0.765,0.09766244
0.652,0.766,0.097425232
0.652,0.766,0.097083293
0.653,0.766,0.094772359
0.655,0.766,0.094505495
0.655,0.767,0.094140593
0.655,0.768,0.093214309
0.655,0.768,0.092866139
0.656,0.768,0.0914061
0.657,0.768,0.090050122
0.658,0.768,0.089949005
0.659,0.769,0.089238575
0.66,0.769,0.08823853
0.66,0.769,0.087980944
0.661,0.77,0.08672273
0.661,0.77,0.086165454
0.661,0.772,0.085907972
0.661,0.773,0.085895749
0.661,0.773,0.085652897
0.662,0.773,0.085125039
0.664,0.773,0.084944837
0.664,0.773,0.084110279
0.666,0.773,0.082671581
0.666,0.774,0.082214374
0.666,0.774,0.081775055
0.667,0.774,0.080556007
0.669,0.774,0.080412325
0.669,0.774,0.080117907
0.669,0.775,0.078785135
0.67,0.776,0.077943887
0.67,0.777,0.077925796
0.67,0.777,0.076397637
0.671,0.777,0.075589058
0.672,0.777,0.074318898
0.672,0.779,0.074194287
0.672,0.779,0.073681702
0.673,0.779,0.072432201
0.673,0.78,0.072159607
0.675,0.78,0.072157388
0.675,0.78,0.071918082
0.675,0.782,0.071373495
0.676,0.782,0.070691937
0.676,0.783,0.07046123
0.676,0.783,0.068009007
0.677,0.783,0.06741294
0.678,0.783,0.067123968
0.679,0.784,0.066069743
0.679,0.785,0.065259562
0.68,0.785,0.06516378
0.681,0.785,0.064852913
0.681,0.785,0.064794186
0.681,0.786,0.064093954
0.682,0.786,0.063711699
0.682,0.787,0.063520792
0.684,0.787,0.062906038
0.684,0.788,0.062806309
0.684,0.788,0.062064907
0.684,0.79,0.061941066
0.685,0.79,0.061753645
0.685,0.79,0.061516514
0.686,0.791,0.060963989
0.686,0.791,0.060809033
0.687,0.792,0.060806244
0.687,0.792,0.059912259
0.687,0.793,0.059292527
0.688,0.793,0.059069238
0.688,0.794,0.05870492
0.689,0.795,0.058532488
0.689,0.795,0.058173175
0.689,0.797,0.057854182
0.689,0.798,0.057492695
0.689,0.798,0.057323085
0.69,0.798,0.056928854
0.69,0.799,0.056213209
0.691,0.799,0.056115088
0.692,0.799,0.055881132
0.693,0.799,0.054571647
0.694,0.799,0.053819581
0.695,0.8,0.053541467
0.695,0.8,0.053388669
0.696,0.801,0.053246974
0.696,0.801,0.053151614
0.697,0.801,0.053023226
0.699,0.801,0.052902313
0.699,0.802,0.052829766
0.7,0.802,0.052312288
0.7,0.802,0.052230546
0.701,0.802,0.05214264
0.701,0.803,0.052126131
0.702,0.803,0.052022754
0.703,0.804,0.050305959
0.703,0.804,0.049844989
0.704,0.804,0.049351753
0.704,0.805,0.047309818
0.705,0.805,0.046065933
0.705,0.806,0.04577439
0.706,0.806,0.045391999
0.707,0.806,0.045019787
0.708,0.806,0.044495782
0.71,0.806,0.043986113
0.71,0.807,0.043781598
0.71,0.808,0.042560052
0.71,0.809,0.042206462
0.71,0.81,0.042112076
0.71,0.811,0.041969572
0.71,0.811,0.041689426
0.711,0.811,0.041184414
0.711,0.812,0.040943922
0.712,0.812,0.040873223
0.713,0.813,0.04065941
0.713,0.813,0.039275781
0.714,0.814,0.039235706
0.714,0.815,0.038691304
0.714,0.815,0.038478286
0.715,0.816,0.038394346
0.716,0.816,0.038372344
0.716,0.817,0.037841078
0.716,0.818,0.037576271
0.716,0.818,0.037459365
0.717,0.818,0.037101192
0.719,0.818,0.03691259
0.719,0.818,0.036812525
0.721,0.818,0.036804335
0.722,0.818,0.036414111
0.722,0.819,0.036390335
0.722,0.819,0.036104816
0.723,0.82,0.035527534
0.723,0.82,0.034376266
0.724,0.82,0.034255716
0.724,0.822,0.034231572
0.724,0.822,0.034001065
0.726,0.822,0.033893858
0.727,0.822,0.03278434
0.728,0.822,0.032692054
0.728,0.822,0.032506699
0.728,0.823,0.032323146
0.729,0.823,0.032264073
0.73,0.824,0.031853505
0.73,0.825,0.031502483
0.73,0.825,0.031492076
0.73,0.826,0.031481407
0.73,0.827,0.031443133
0.731,0.828,0.031393388
0.731,0.828,0.031379504
0.732,0.829,0.031358231
0.733,0.829,0.030617796
0.733,0.829,0.030511696
0.734,0.829,0.030175769
0.734,0.831,0.030159293
0.734,0.832,0.028966833
0.734,0.833,0.028938574
0.734,0.833,0.028454196
0.735,0.833,0.028412457
0.736,0.833,0.028034589
0.737,0.834,0.027837302
0.737,0.835,0.027761583
0.738,0.835,0.027521666
0.739,0.835,0.027218811
0.739,0.835,0.026465428
0.739,0.836,0.02642187
0.739,0.837,0.026296482
0.739,0.838,0.026218199
0.739,0.839,0.026161212
0.741,0.839,0.025863947
0.742,0.839,0.025804652
0.742,0.84,0.02553665
0.743,0.84,0.025446985
0.743,0.84,0.025284006
0.743,0.841,0.025234249
0.744,0.841,0.025091287
0.744,0.842,0.024664175
0.745,0.842,0.024632876
0.746,0.843,0.024558729
0.746,0.843,0.024192761
0.746,0.844,0.024106755
0.748,0.844,0.023658537
0.748,0.844,0.023592486
0.748,0.845,0.023293133
0.749,0.845,0.022552672
0.75,0.846,0.022436386
0.75,0.846,0.022343529
0.751,0.846,0.022261189
0.752,0.846,0.021519726
0.753,0.847,0.0211513
0.754,0.847,0.021087872
0.754,0.847,0.020932607
0.755,0.848,0.020551238
0.756,0.848,0.020447265
0.757,0.848,0.020417045
0.757,0.848,0.020332686
0.758,0.848,0.019957822
0.759,0.848,0.019776857
0.759,0.849,0.019555704
0.759,0.85,0.01948739
0.759,0.852,0.019398904
0.76,0.852,0.019303019
0.76,0.852,0.019246017
0.762,0.852,0.019206163
0.762,0.852,0.019023754
0.763,0.852,0.018622929
0.764,0.853,0.018405029
0.765,0.853,0.01826499
0.765,0.853,0.018015131
0.765,0.855,0.017756192
0.766,0.855,0.017674956
0.766,0.856,0.017539333
0.766,0.856,0.017311827
0.767,0.857,0.017082626
0.767,0.857,0.017032038
0.769,0.857,0.016930082
0.769,0.857,0.016802678
0.77,0.857,0.0165475
0.772,0.857,0.016029338
0.773,0.857,0.01585755
0.773,0.857,0.015664875
0.773,0.859,0.015496434
0.773,0.859,0.015415191
0.775,0.859,0.015126684
0.776,0.859,0.015098321
0.777,0.859,0.01507034
0.777,0.859,0.015014078
0.777,0.86,0.014953649
0.778,0.861,0.014822911
0.779,0.861,0.014692988
0.779,0.861,0.014422474
0.781,0.861,0.014181314
0.781,0.861,0.014104877
0.783,0.861,0.014006946
0.783,0.861,0.013958049
0.784,0.861,0.01357767
0.784,0.863,0.013081167
0.784,0.864,0.01306423
0.784,0.865,0.012970646
0.785,0.865,0.012422759
0.785,0.865,0.012281439
0.786,0.865,0.011958167
0.788,0.865,0.01180072
0.788,0.866,0.011698199
0.788,0.866,0.011566346
0.789,0.866,0.011539663
0.789,0.867,0.011519602
0.79,0.867,0.011397419
0.791,0.868,0.011374496
0.792,0.868,0.011102359
0.792,0.868,0.010882633
0.794,0.868,0.010820074
0.794,0.868,0.010773365
0.796,0.868,0.010502189
0.796,0.868,0.010324472
0.797,0.869,0.010309739
0.797,0.869,0.010104101
0.799,0.869,0.009864175
0.799,0.87,0.009829357
0.799,0.87,0.009741066
0.8,0.871,0.009621791
0.8,0.872,0.009576176
0.801,0.872,0.009473701
0.801,0.872,0.009423344
0.801,0.873,0.009138078
0.802,0.874,0.009128578
0.802,0.874,0.009001154
0.802,0.875,0.008526143
0.802,0.876,0.008518255
0.803,0.877,0.008183427
0.803,0.877,0.008129378
0.804,0.878,0.008058057
0.804,0.879,0.008050456
0.805,0.879,0.007745191
0.806,0.879,0.007714262
0.806,0.879,0.007638315
0.806,0.881,0.007533814
0.806,0.882,0.007417046
0.806,0.883,0.007412724
0.806,0.883,0.007390872
0.806,0.884,0.007379375
0.807,0.884,0.007354079
0.808,0.885,0.007210292
0.809,0.885,0.006791042
0.809,0.885,0.006704181
0.809,0.886,0.006412524
0.811,0.886,0.006391396
0.811,0.886,0.006329088
0.812,0.886,0.005960094
0.814,0.886,0.005955983
0.814,0.887,0.005864967
0.815,0.887,0.005663066
0.815,0.887,0.005661417
0.817,0.887,0.005378916
0.818,0.887,0.005282406
0.818,0.887,0.005024892
0.819,0.887,0.005000655
0.819,0.888,0.004962221
0.82,0.888,0.004891076
0.822,0.888,0.004875621
0.822,0.889,0.0048502
0.822,0.889,0.004783168
0.822,0.89,0.004759752
0.822,0.892,0.004699019
0.822,0.892,0.004671243
0.823,0.892,0.00461316
0.825,0.892,0.004609502
0.825,0.892,0.004547878
0.825,0.893,0.004463716
0.826,0.893,0.004382343
0.827,0.894,0.004362821
0.828,0.894,0.004200379
0.828,0.894,0.004182786
0.828,0.895,0.004113694
0.829,0.895,0.004005683
0.83,0.895,0.003973814
0.83,0.896,0.003962831
0.831,0.897,0.003936953
0.831,0.897,0.003834015
0.832,0.897,0.003816833
0.833,0.898,0.003667774
0.834,0.898,0.00357791
0.834,0.898,0.003535542
0.835,0.898,0.003462916
0.835,0.899,0.003351656
0.836,0.899,0.003339083
0.837,0.9,0.003264467
0.837,0.9,0.003234011
0.837,0.901,0.003203897
0.839,0.901,0.003097397
0.839,0.902,0.003086432
0.839,0.902,0.003016267
0.839,0.904,0.003001609
0.84,0.904,0.002955389
0.84,0.904,0.002918783
0.841,0.905,0.00282435
0.841,0.906,0.002801221
0.841,0.906,0.002753907
0.843,0.906,0.002732381
0.844,0.906,0.002676155
0.845,0.906,0.002660022
0.845,0.907,0.002643526
0.845,0.907,0.002507623
0.846,0.908,0.00249998
0.846,0.909,0.002440425
0.847,0.909,0.002421527
0.847,0.909,0.002416803
0.847,0.91,0.002391969
0.848,0.911,0.00238384
0.848,0.912,0.002311548
0.848,0.912,0.002297432
0.849,0.912,0.002198845
0.849,0.913,0.002197171
0.85,0.914,0.00211536
0.851,0.914,0.00206922
0.851,0.915,0.002034062
0.851,0.915,0.001955329
0.851,0.916,0.001942418
0.853,0.916,0.001937492
0.853,0.917,0.001937407
0.854,0.917,0.001923984
0.855,0.917,0.001918611
0.856,0.917,0.001876115
0.857,0.917,0.001870073
0.857,0.917,0.001859689
0.858,0.917,0.001853628
0.859,0.917,0.001849857
0.859,0.918,0.001823913
0.86,0.918,0.001761904
0.861,0.919,0.001723713
0.862,0.919,0.001663138
0.862,0.919,0.001661926
0.863,0.92,0.001619361
0.863,0.92,0.001576734
0.865,0.92,0.001571155
0.866,0.92,0.001563445
0.867,0.92,0.001551476
0.867,0.921,0.001501677
0.867,0.921,0.001474981
0.867,0.923,0.001464742
0.867,0.924,0.001415788
0.868,0.924,0.001397329
0.868,0.924,0.001383651
0.87,0.924,0.001298085
0.871,0.924,0.001253185
0.872,0.924,0.00124597
0.873,0.924,0.001241344
0.874,0.924,0.001188581
0.874,0.924,0.001153305
0.874,0.925,0.001141174
0.875,0.926,0.00113044
0.875,0.927,0.001098186
0.875,0.928,0.00108629
0.875,0.928,0.001058447
0.875,0.93,0.001011227
0.875,0.93,0.001005098
0.876,0.93,0.00099169
0.877,0.93,0.000974101
0.878,0.931,0.000959898
0.878,0.931,0.0009469
0.878,0.932,0.000945326
0.88,0.932,0.000939364
0.88,0.933,0.000902767
0.881,0.933,0.000875326
0.882,0.933,0.000874924
0.882,0.933,0.000872749
0.883,0.933,0.000870896
0.883,0.934,0.000858323
0.884,0.934,0.000802418
0.884,0.935,0.000754042
0.885,0.935,0.000717235
0.886,0.935,0.00069987
0.887,0.935,0.00069984
0.888,0.935,0.00067601
0.888,0.937,0.000620305
0.888,0.937,0.000554215
0.889,0.937,0.000534246
0.89,0.937,0.000468909
0.892,0.937,0.000449051
0.892,0.937,0.000446373
0.892,0.938,0.00042847
0.894,0.938,0.000424697
0.894,0.938,0.000413094
0.896,0.938,0.000413004
0.897,0.938,0.000412522
0.897,0.939,0.000387536
0.897,0.939,0.000386601
0.898,0.939,0.000386122
0.899,0.939,0.000385926
0.899,0.94,0.000375128
0.9,0.941,0.000367685
0.9,0.941,0.000359198
0.9,0.942,0.000335405
0.901,0.942,0.000329822
0.902,0.943,0.000308143
0.902,0.943,0.000303488
0.902,0.944,0.00030304
0.903,0.944,0.000299809
0.904,0.945,0.000288799
0.905,0.945,0.00028761
0.905,0.945,0.000277146
0.906,0.945,0.000264821
0.908,0.945,0.000205404
0.908,0.945,0.000204972
0.91,0.945,0.000195683
0.91,0.945,0.000195328
0.911,0.945,0.00019128
0.912,0.946,0.000181928
0.912,0.946,0.000175003
0.912,0.948,0.000172834
0.912,0.949,0.000171637
0.913,0.949,0.000167533
0.913,0.949,0.000163293
0.914,0.95,0.000163067
0.915,0.95,0.000162942
0.916,0.95,0.000132898
0.916,0.95,0.000123425
0.916,0.951,0.00012116
0.916,0.952,0.000120975
0.917,0.953,0.000120455
0.917,0.954,0.000119392
0.918,0.954,0.000114925
0.918,0.954,0.000106817
0.919,0.955,0.000101544
0.919,0.956,8.55E-05
0.92,0.956,8.46E-05
0.92,0.956,8.43E-05
0.921,0.957,8.36E-05
0.921,0.958,8.34E-05
0.922,0.958,8.18E-05
0.923,0.958,8.14E-05
0.923,0.959,7.39E-05
0.923,0.96,7.15E-05
0.923,0.96,6.82E-05
0.925,0.96,6.70E-05
0.925,0.96,6.60E-05
0.926,0.961,6.58E-05
0.926,0.961,6.16E-05
0.927,0.962,6.01E-05
0.928,0.962,5.93E-05
0.929,0.962,5.68E-05
0.93,0.962,4.95E-05
0.931,0.962,4.90E-05
0.931,0.962,4.26E-05
0.933,0.962,4.19E-05
0.933,0.962,4.18E-05
0.934,0.963,4.11E-05
0.934,0.963,3.91E-05
0.935,0.964,3.63E-05
0.936,0.964,3.60E-05
0.936,0.964,3.50E-05
0.938,0.964,3.43E-05
0.938,0.964,3.31E-05
0.939,0.964,3.14E-05
0.94,0.965,3.13E-05
0.94,0.965,3.12E-05
0.941,0.965,3.07E-05
0.942,0.965,3.05E-05
0.943,0.965,2.97E-05
0.945,0.965,2.60E-05
0.945,0.965,2.02E-05
0.947,0.965,2.00E-05
0.947,0.965,1.97E-05
0.948,0.966,1.93E-05
0.948,0.966,1.93E-05
0.949,0.966,1.71E-05
0.95,0.966,1.68E-05
0.952,0.966,1.63E-05
0.952,0.966,1.55E-05
0.953,0.967,1.43E-05
0.953,0.967,1.42E-05
0.955,0.967,1.41E-05
0.955,0.968,1.35E-05
0.955,0.969,1.33E-05
0.955,0.969,1.19E-05
0.955,0.97,1.13E-05
0.956,0.97,1.05E-05
0.957,0.971,9.84E-06
0.958,0.971,8.59E-06
0.958,0.971,7.42E-06
0.959,0.971,6.66E-06
0.96,0.971,6.21E-06
0.96,0.972,6.06E-06
0.961,0.973,4.55E-06
0.961,0.973,3.96E-06
0.961,0.974,3.78E-06
0.963,0.974,3.51E-06
0.963,0.974,3.30E-06
0.963,0.975,3.16E-06
0.963,0.976,2.88E-06
0.965,0.976,2.50E-06
0.965,0.976,1.63E-06
0.966,0.977,1.31E-06
0.966,0.977,1.02E-06
0.968,0.977,9.79E-07
0.968,0.978,9.38E-07
0.968,0.978,9.33E-07
0.969,0.979,9.15E-07
0.969,0.98,8.72E-07
0.969,0.981,8.56E-07
0.969,0.981,7.91E-07
0.969,0.982,6.28E-07
0.97,0.982,5.00E-07
0.97,0.983,4.23E-07
0.97,0.983,4.23E-07
0.972,0.984,3.38E-07
0.972,0.985,2.95E-07
0.973,0.985,2.29E-07
0.973,0.985,1.91E-07
0.973,0.987,1.69E-07
0.973,0.987,1.55E-07
0.974,0.987,8.93E-08
0.975,0.988,7.33E-08
0.976,0.988,7.13E-08
0.977,0.988,6.75E-08
0.978,0.988,6.36E-08
0.978,0.989,5.76E-08
0.979,0.989,4.10E-08
0.979,0.989,2.09E-08
0.98,0.989,1.54E-08
0.981,0.989,1.47E-08
0.982,0.989,1.03E-08
0.983,0.989,8.65E-09
0.985,0.989,8.63E-09
0.985,0.99,5.58E-09
0.986,0.99,5.32E-09
0.986,0.99,5.24E-09
0.987,0.99,4.83E-09
0.987,0.991,3.96E-09
0.988,0.991,2.79E-09
0.99,0.991,2.73E-09
0.99,0.992,6.18E-10
0.991,0.992,5.86E-10
0.991,0.992,5.03E-10
0.992,0.993,1.78E-10
0.993,0.993,1.74E-10
0.994,0.993,5.53E-11
0.994,0.993,3.38E-11
0.995,0.993,3.03E-11
0.995,0.994,2.40E-11
0.996,0.995,2.21E-12
0.996,0.995,8.47E-13
0.996,0.996,3.63E-14
0.997,0.997,8.81E-20
0.998,0.997,1.97E-25
0.998,0.997,0
0.998,0.997,0
0.998,0.997,0
0.998,0.997,0
0.998,0.997,0